city,lang,coef
paris,austrian,1.6575
paris,belgian,1.5625
paris,bulgarian,1.56
paris,croatian,1.59375
paris,cypriot,1.65625
paris,czech,1.59375
paris,danish,1.6575
paris,dutch,1.5625
paris,estonian,1.56
paris,finnish,1.69
paris,french,1.5625
paris,german,1.59375
paris,greek,1.625
paris,hungarian,1.53
paris,irish,1.59375
paris,italian,1.59375
paris,latvian,1.625
paris,lithuanian,1.625
paris,luxembourgish,1.5625
paris,maltese,1.59375
paris,polish,1.625
paris,portuguese,1.59375
paris,romanian,1.56
paris,slovakian,1.53
paris,slovene,1.59375
paris,spanish,1.59375
paris,swedish,1.69
copenhagen,austrian,1.3
copenhagen,belgian,1.275
copenhagen,bulgarian,1.22375
copenhagen,croatian,1.275
copenhagen,cypriot,1.325
copenhagen,czech,1.25
copenhagen,danish,1.3
copenhagen,dutch,1.25
copenhagen,estonian,1.22375
copenhagen,finnish,1.32625
copenhagen,french,1.275
copenhagen,german,1.25
copenhagen,greek,1.3
copenhagen,hungarian,1.22375
copenhagen,irish,1.3
copenhagen,italian,1.275
copenhagen,latvian,1.275
copenhagen,lithuanian,1.275
copenhagen,luxembourgish,1.25
copenhagen,maltese,1.3
copenhagen,polish,1.275
copenhagen,portuguese,1.325
copenhagen,romanian,1.22375
copenhagen,slovakian,1.2
copenhagen,slovene,1.275
copenhagen,spanish,1.3
copenhagen,swedish,1.3
madrid,austrian,0.84125
madrid,belgian,0.79375
madrid,bulgarian,0.79125
madrid,croatian,0.80875
madrid,cypriot,0.82375
madrid,czech,0.80875
madrid,danish,0.84125
madrid,dutch,0.79375
madrid,estonian,0.79125
madrid,finnish,0.8575
madrid,french,0.79375
madrid,german,0.80875
madrid,greek,0.82375
madrid,hungarian,0.77625
madrid,irish,0.79375
madrid,italian,0.79375
madrid,latvian,0.82375
madrid,lithuanian,0.82375
madrid,luxembourgish,0.79375
madrid,maltese,0.80875
madrid,polish,0.82375
madrid,portuguese,0.7775
madrid,romanian,0.79125
madrid,slovakian,0.77625
madrid,slovene,0.80875
madrid,spanish,0.7775
madrid,swedish,0.8575
rome,austrian,0.71125
rome,belgian,0.6975
rome,bulgarian,0.67
rome,croatian,0.68375
rome,cypriot,0.71125
rome,czech,0.68375
rome,danish,0.725
rome,dutch,0.6975
rome,estonian,0.6825
rome,finnish,0.73875
rome,french,0.6975
rome,german,0.6975
rome,greek,0.6975
rome,hungarian,0.65625
rome,irish,0.71125
rome,italian,0.68375
rome,latvian,0.71125
rome,lithuanian,0.6975
rome,luxembourgish,0.6975
rome,maltese,0.68375
rome,polish,0.6975
rome,portuguese,0.71125
rome,romanian,0.67
rome,slovakian,0.65625
rome,slovene,0.68375
rome,spanish,0.6975
rome,swedish,0.725
sofia,austrian,0.48875
sofia,belgian,0.48875
sofia,bulgarian,0.45125
sofia,croatian,0.47
sofia,cypriot,0.47875
sofia,czech,0.47875
sofia,danish,0.49875
sofia,dutch,0.48875
sofia,estonian,0.46
sofia,finnish,0.49875
sofia,french,0.48875
sofia,german,0.47875
sofia,greek,0.47
sofia,hungarian,0.45125
sofia,irish,0.4975
sofia,italian,0.47875
sofia,latvian,0.47875
sofia,lithuanian,0.47875
sofia,luxembourgish,0.48875
sofia,maltese,0.47875
sofia,polish,0.47875
sofia,portuguese,0.4975
sofia,romanian,0.45125
sofia,slovakian,0.45125
sofia,slovene,0.47875
sofia,spanish,0.4975
sofia,swedish,0.49875
vilnius,austrian,0.6
vilnius,belgian,0.5875
vilnius,bulgarian,0.55375
vilnius,croatian,0.57625
vilnius,cypriot,0.5875
vilnius,czech,0.57625
vilnius,danish,0.6
vilnius,dutch,0.5875
vilnius,estonian,0.5425
vilnius,finnish,0.5875
vilnius,french,0.5875
vilnius,german,0.57625
vilnius,greek,0.57625
vilnius,hungarian,0.55375
vilnius,irish,0.59875
vilnius,italian,0.57625
vilnius,latvian,0.565
vilnius,lithuanian,0.565
vilnius,luxembourgish,0.5875
vilnius,maltese,0.5875
vilnius,polish,0.565
vilnius,portuguese,0.59875
vilnius,romanian,0.55375
vilnius,slovakian,0.55375
vilnius,slovene,0.57625
vilnius,spanish,0.59875
vilnius,swedish,0.5875
vienna,austrian,0.87
vienna,belgian,0.8525
vienna,bulgarian,0.8025
vienna,croatian,0.83625
vienna,cypriot,0.87
vienna,czech,0.83625
vienna,danish,0.87
vienna,dutch,0.8525
vienna,estonian,0.81875
vienna,finnish,0.8875
vienna,french,0.8525
vienna,german,0.83625
vienna,greek,0.8525
vienna,hungarian,0.8025
vienna,irish,0.87
vienna,italian,0.83625
vienna,latvian,0.8525
vienna,lithuanian,0.8525
vienna,luxembourgish,0.8525
vienna,maltese,0.8525
vienna,polish,0.83625
vienna,portuguese,0.88625
vienna,romanian,0.81875
vienna,slovakian,0.8025
vienna,slovene,0.83625
vienna,spanish,0.87
vienna,swedish,0.8875
amsterdam,austrian,0.99375
amsterdam,belgian,0.93625
amsterdam,bulgarian,0.935
amsterdam,croatian,0.955
amsterdam,cypriot,0.9925
amsterdam,czech,0.955
amsterdam,danish,0.97375
amsterdam,dutch,0.93625
amsterdam,estonian,0.935
amsterdam,finnish,1.0125
amsterdam,french,0.93625
amsterdam,german,0.93625
amsterdam,greek,0.97375
amsterdam,hungarian,0.91625
amsterdam,irish,0.955
amsterdam,italian,0.955
amsterdam,latvian,0.97375
amsterdam,lithuanian,0.97375
amsterdam,luxembourgish,0.93625
amsterdam,maltese,0.97375
amsterdam,polish,0.955
amsterdam,portuguese,0.97375
amsterdam,romanian,0.935
amsterdam,slovakian,0.91625
amsterdam,slovene,0.955
amsterdam,spanish,0.955
amsterdam,swedish,0.99375
valletta,austrian,0.725
valletta,belgian,0.6975
valletta,bulgarian,0.67
valletta,croatian,0.6975
valletta,cypriot,0.71125
valletta,czech,0.6975
valletta,danish,0.73875
valletta,dutch,0.71125
valletta,estonian,0.6825
valletta,finnish,0.73875
valletta,french,0.6975
valletta,german,0.6975
valletta,greek,0.6975
valletta,hungarian,0.67
valletta,irish,0.72375
valletta,italian,0.68375
valletta,latvian,0.71125
valletta,lithuanian,0.71125
valletta,luxembourgish,0.6975
valletta,maltese,0.68375
valletta,polish,0.6975
valletta,portuguese,0.71125
valletta,romanian,0.67
valletta,slovakian,0.67
valletta,slovene,0.6975
valletta,spanish,0.71125
valletta,swedish,0.73875
